path,sha256,bytes
"build-player.ps1","3D4218441E1607B96B98D9BAEC37EEE286E83C19E72C852E796DA3E0929E1763",5025
"build-release.ps1","5A44A8CD43E13318CDA2161B1C16AEE46F4431C3BE9F0769E207582281B07E58",5909
"build.ps1","D90E9AE2D1CD56B9ADADEB07D7E4E8A2C7126D1E39082C7BB94BD3FDBE07B946",2767
"cmd/theia-server/main.go","72969337731CE6117ECB05D1C7CA52A7C3EAE7A28E6CB2AC1BD2C58F6D1494EA",17834
"embed.go","AA5A02A5DD2A0C2F781737D0EB1D3BE243BC2494939F58B29C008D5F078465E4",891
"go.mod","675BD65B5EA81F537808EEE786544F69AB400D437E25CE6E605AEF0CD150F052",2589
"go.sum","A154B1DA3E8AB79E662587A29660EF80E076EAEE778A6DD5125FC42AB30568A4",11288
"internal/activity/activity_test.go","E18177B2038A46385379B1D7B6A4F8DD269C9ECE68386BF563E45DDF5B1702CB",555
"internal/activity/activity.go","EC19B415316A6CB87EAFC29456BBCE63AE0235B244A2E078DE1CD783451008BA",2661
"internal/api/compress_test.go","FDA0FFAB3DC41F80B5BE5E90B379E57E22FD1696A75C869B83A2B7AE639B4529",5951
"internal/api/compress.go","99B01D874E7A5676772645EBBA16B5F593D1CBFD0CAC2030C00419981D775F01",6366
"internal/api/diagnostics.go","CFE355E20FF68B43C52D9F883AE45B024B06C70084FA3083C449C9E6D2A868DB",5742
"internal/api/episode_api_test.go","FD691E481C1A22B278163192AA27DC88DF7C828667A442D83C0A050FC518C02B",6599
"internal/api/episode_media.go","9486550B95B7CF1B2BC1BFCDBA8A50992A6C90910B32AD721F84F1E85563D9B5",1707
"internal/api/episode_stream.go","30852D38C9F3092105448E4CFA33631AF09B780322DCF90A02C723711A5138B1",4909
"internal/api/library.go","4FEB74294EE5E1316959E167ED54BEFB32CF8D83623BF38A5061A86DE8B8314B",6541
"internal/api/match.go","0D1943CB3ED5DF600062A5C8F536E4B82C335990D2799EA9720E7B14AC41CE98",5488
"internal/api/media.go","BBD614ED19BCF017904CB8AE248BE2A4AE88D71A7A22A63F87F26C010EDCADFA",3439
"internal/api/movie_file_stream_test.go","55E78A71E9E0788D46B9FA079C1DA5A76211A61770F125DF68090F3E52361330",8912
"internal/api/movie_file_stream.go","36E2D4203005F8A95553E326CCDFFF4058B8C888A0975DC062AD062E64D91A11",5729
"internal/api/onboarding.go","9591CE6B5617B982AFF69A46CBCABE49480430216B408E7D8E57656F48BADAB3",3436
"internal/api/playback_contract_test.go","8A5D6C3E38FAEA3E312957B5DCB37E8FC7DC04A1DDF59DCA7C02674AB7DD2219",18385
"internal/api/playback_golden_test.go","9EA52FA06E4A90763D95B748BDEE2201DB6C754BCA99F7C648D3C27C934859E0",6862
"internal/api/playback_service_test.go","689FDD64DAB429950467E0FDC83DCA6C102D00D9CC4F4F55494E6E0277DE31E7",4599
"internal/api/playback.go","D33AD82F0BA597B42DC757BCD6812BD6F60395062922ABEE1F0EF9F6A8C988A1",630
"internal/api/preview.go","80D4F7DB33C74DE57EFB1F924E0B3EEB96A61E2004F58209320727D62DFE5626",5641
"internal/api/profiles_test.go","261FDA2F37AED786D8C198AA6C45CC7113F67182ED21D2AE677475955DF5E995",6475
"internal/api/profiles.go","9D348C202C4CB98801F65472AABBF23BE6E76F1BA184B1EF691BAAA91A830AF3",8400
"internal/api/progress.go","231DA43DF03860929FD72EB6556B2A30DD8A30E9A60EC5103D22D9C158EDC391",4430
"internal/api/remote_access_test.go","77A8703ADC8258B1D13176616689DF05A160F8938C0582EDF6E46581C792C131",5401
"internal/api/remote_access.go","46345E8B3645FCB4B70BBC4EC250CCDDD0B58B20909003A0AB39324FEE9B8046",5580
"internal/api/search_api_test.go","FDD2FBAA950463C8F3F98C744F3AC1C068F48404564C325259E4192FAFC769AA",3441
"internal/api/seek.go","71DB0455E781CCEF8BDBE0A29EB396EF9B4C63DEBFAF29403E6AB1239604FCA1",3532
"internal/api/series.go","A141D2CB9BC0E92237CBEB8E87AB620ECFBF4B24BF42229491355B0457B709BA",5361
"internal/api/server_test.go","F505F2250DEA8907E0CB29064D5F7A12C4E920E7652390C3ECE9880446C8BEA5",6131
"internal/api/server.go","0616ABC5AC775E1976829AE312F9EC224B9033D4FAB6CCDDBEE76D2B44F3A15B",14118
"internal/api/settings_activation_test.go","690D4A5DCA60B172068695A9134ED16445609F2444FF6C1ABBE80E0378636214",1721
"internal/api/settings_write.go","97C820EC01FC360125EFBF49BEFC014A0967831DB33883D7E9A5DBD14057AC38",3693
"internal/api/settings.go","379678F4201DC1FE5E709FF1C769C5699B1442F6BDF5E9C6731113A91986C208",3731
"internal/api/static.go","4D1DAD6679209D2E9BE3D7262A9D827830A82642B5A5F9421AE46E18C79F0B2D",3523
"internal/api/stream_twin.go","43F3E7399695644265DE23985060C599BF1B8225D7841DF8E8F7FF9A732F9AF7",10913
"internal/api/stream.go","72746E7F659468A978073539A93214642F367FEB918E6A6AEEB37562EC52F3E3",8400
"internal/api/subtitles.go","D745E0D3D1D72CB163982C2E0786B50148CDC2EAC9650EA73F91EABDB8619D32",8914
"internal/api/support_report_test.go","93E65A7DB03B475E3C3685F8B629AB7EE4EF0CF8BE82C260046FF7A0CCC608E6",4131
"internal/api/support_report.go","FEC4FA65CE323B9628243420BD96BD3CA97697E0C4312F59E8D8F76022F44E43",16040
"internal/api/testdata/episode_mkv_unmeasured_remux.golden.json","399E44BF7C876B4940AB2C7994C449EFE05D563DBEACF676089816CACDC4D08A",296
"internal/api/testdata/film_mkv_unmeasured_remux.golden.json","AE68618985EC4B1A14F929D4676C534414F71EFFC15F54DC3ABA280630824278",294
"internal/api/testdata/film_mp4_measured_direct.golden.json","1A0B8F93174F245FA87FA9FC9499188F912C809473A2F22109A9FE427ACDEF0D",500
"internal/api/testdata/film_mpeg2_unsupported.golden.json","14B7D575B110D8CC4FB0DF32395E7CB9C0DC7B74BF802BC3AC808015AC30F5F8",508
"internal/api/testdata/film_selected_audio_remux_tone_map.golden.json","800162C47E7A541AF7FC2D040BD9DAEF392CDF02017ECC6D054495D5CDDC506E",598
"internal/api/testdata/legacy_film_info_primary_file.golden.json","AA3C6AAE8B49C0E7DC645ED8DD23DF06C9496C06628738B9E7AB3AAFEA45AB06",297
"internal/api/transcode.go","4D2D2FA54F38B5E2172A22FEEB8182BE3EA4DDC0B329887CF488383662D279BA",3550
"internal/api/update.go","FC2539E553D9CB5FF5E94B23260E8A58219713971F9CFC61322A4A7AEDBC14D1",1898
"internal/api/v3_test.go","08FF93B149E512D11F846A134A99028F5F49D16351C4FE2D8355012DFD806B03",1360
"internal/api/watchlist.go","57EDE472CB1F13F208B621FEB02C2B4E607873AEB9921A1221B3249F25D25BAC",1022
"internal/boundedio/head.go","ED29D17B4A5C90330ABE2AA7FC4161D250FBE5BC57B377FAABD705832920C332",1500
"internal/boundedio/tail_test.go","F2B935B382798087940056D8F376EDF468108C3275919E34843A56441B90FABE",385
"internal/boundedio/tail.go","4A00CDC9F2F6C558ABD94AFCD61C21E7D11EC6E9C685FD2210EBCDC5CF223811",787
"internal/config/config_test.go","9D74CADFE7ABD8BC839969371884577C4AA8707439B1A82813D0BDF7522DF920",9430
"internal/config/config.go","2BF46A6E2F197108CC0418122E42B3F6FFEE4D1D37EA4E58E3C8B9865ADE9AEC",10783
"internal/db/db.go","3CC27D013A9966294A8C456875A47750A29D9EC6F3E0A854AC709FFA162FB88D",5119
"internal/db/migrations/0001_initial.sql","79C02A21C34E56167C0FF022A83002D9C5EF60CB804F6D7F268F54E0EA7ED49C",1955
"internal/db/migrations/0002_tmdb_metadata.sql","A991F45BD760E41D14095C2F4AEC29E07D3BA834589072AFAFA4FB1F5AA7CB54",1708
"internal/db/migrations/0003_playback_progress.sql","A6080AA2C9080C71E32274EB0EC8812821D2C9592676F2FB819812A6950BF85C",1277
"internal/db/migrations/0004_app_state.sql","A5AE654868D825A46159A44D943D173879078342A57690FC418D57E400836C8F",502
"internal/db/migrations/0005_single_viewer.sql","187F36B3720FDDEC25BB7924771E979826782A3CEB45E19F150B0CEA846D8F8C",582
"internal/db/migrations/0006_movie_files.sql","E086F29F153BA8DDF9761A7120A10B75638AC920243927529F5AAFC19406DC31",2806
"internal/db/migrations/0007_tv_series.sql","6269F98B8EDE06B1648E67AAEFCDF592B434FE27A59138CD816170EBE4B4534F",5859
"internal/db/migrations/0008_remote_access.sql","B8E7C2FAD63791B9B4E5F9FD985AA05C9FD1C48D52F62F7F87553708A7202C2C",898
"internal/db/migrations/0009_profiles.sql","85AB67920C0E24D2C2267544B17E5F97B518330768B59CB8DE0FCE5DB66C3B46",3310
"internal/db/migrations/0010_subtitles.sql","7046EACBDA0C471C5B02EDBFF58E0D54736DFB5B1196507EFE73F812FE1D4EA1",2981
"internal/db/migrations/0011_remote_automatic.sql","11B4E1F255AE5E8DCDBC63376CFA5593EC2511EB58D6F969864DE4B5FDCE87A7",1244
"internal/db/migrations/0012_pinned_match.sql","7D0B49CD6C887160215C44B751003B664BE0186EBCA91F72D602E807510D3A3B",992
"internal/db/migrations/0013_tmdb_enrichment.sql","E206759112184F965B7FF5A200E3673C44C6DD2056F498BF6DB870AF49195476",2943
"internal/db/migrations/0014_video_frame_rate.sql","F14CE2F2B49982AAC4F950DFC56C934FF2D01188C50A497EAD165E11B83F43AB",840
"internal/db/migrations/0015_colour_and_profiles.sql","99F06E57D87DC719374A425FEE91712DAAB8FCC033BC7547676C65ABCBBCB1F4",1100
"internal/db/migrations/0016_watchlist.sql","4A731DC93A5AF7AF47800CF5FC26863B7D4D278855E6B2322B5DC89439717A93",274
"internal/db/movie_files_migration_test.go","15E15DD8BD8E6C09A797A08D6E5234FF7070DC97C6234F0898D1817C7066CCC3",3046
"internal/db/single_viewer_migration_test.go","7F245B24631C684624514DFDCD6711DC162D989DFBB188BE2194FEE7D6E5C5DE",4686
"internal/db/state.go","C248024653BEC77F31A33012E5E05D17D3E4836CC07AC2FB05EFCA7CE60B950D",1636
"internal/db/tmdb_enrichment_migration_test.go","E9A3960C36F52698083EB45BBE5629312526D8BD2F380499AE7BEF1F1326857C",4194
"internal/db/tv_series_migration_test.go","132A57D3ED10CE50787385762E2CA817048BB7F5FCDE92D7321D400F784F02D4",1142
"internal/discovery/addrs_test.go","12766127E475D0C2CF1E18BDB493FD7E3770271B99B570588B3AE8A8B70197C6",3554
"internal/discovery/addrs.go","0E69566ABDACDEF0A0B25701599EB58F0E43C5E9C81A077B49C912CCE402EDA3",4743
"internal/discovery/mdns_test.go","D5332A46CC19D0CEDDC2DBCC02CEC76243EBC39051BB84B5BF012D2035436902",4720
"internal/discovery/mdns.go","674BFD0DA186F110D9A5ED8A17D298A43EE855950C9B53B26CA9D3043D5546BB",5370
"internal/discovery/qr_test.go","54AED2600D7160C518B75E7A8AA432243B2BD2AC6AD937A6F815AC71973C5B74",4471
"internal/discovery/qr.go","0D8ED90E84D21DFD7C2C95CAA93DAE7AB98B319203589880299DD2D2EE242EA7",2142
"internal/fakeffmpeg/fakeffmpeg.go","7013687F70D188C7EF0DC1AF181FA1F4F5358C2C5E1A64B45C3F1D9D9868F433",4161
"internal/ffmpeg/archive_test.go","E6D1906ED02B86E16F94EDAB191F0BAC7586F0B64531A3C261C6BB2C33147001",3166
"internal/ffmpeg/archive.go","EE3A3176D78B565111F510C19C896D1FEF5B91DEACE3FF5980C29EEFFE23EFDB",3536
"internal/ffmpeg/capabilities.go","601FAB6D4ED6CCFE05D1E8065DEC03AD564430D70F25E447C0BCC6A3E4215287",5422
"internal/ffmpeg/decoders_test.go","3A550E76606909DF6920BAAEEDCDE2F26D3BE7DAEAD4A878F3DB9D774997B22F",3407
"internal/ffmpeg/decoders.go","AEDEDAB5527D2C020B3319E7127D0D11CA0F722CCDB6E11171036B2AB65E7A22",9010
"internal/ffmpeg/ffmpeg_test.go","9EAC62EDC8CA6B9CF15122B0C7426328E871FF75FB52E57FB9AD81080CB52796",14316
"internal/ffmpeg/ffmpeg.go","F26E7EC21CE1E25E08EB807B71DFF427AC4CB05AAB094F7516117D7501FD44EF",28930
"internal/ffmpeg/seek_test.go","10B2DD0D663BE65F40BAB4642BE7E8D4F471BBC222840BBC8F7B20C3D575DF47",1764
"internal/ffmpeg/seek.go","31C4F53E1AECE7B82AC644129E3DD08BA574BA29CA56E14378ED09E3019EB7E9",3722
"internal/imagecache/imagecache_test.go","87B999851B69D79B5B98D0715A99A058E746283623CE6E8505832285B030ACCB",861
"internal/imagecache/imagecache.go","53B456F11908B1B8E322636642D30A11D345A6A2EBE5B497AF69BCEECE3BAB10",5745
"internal/library/browse.go","B7D4A4BE839791CC89939DE3E7DEEBF04B44957A9A2A6C4847C8704490C3FBBF",14263
"internal/library/collections_test.go","0A104CF43F1DD4FAB0A1DDBDF1B8E0A328B2767D1F09D7F2FB5A84CB2366D117",9654
"internal/library/collections.go","4493CDF7B70714C4108AF1BB669BE5E6A63A16182B7638717BE2225C577EB070",1729
"internal/library/consolidate.go","C47929B1E7A772C7E3E8632823BEBFD12A1D28742F4AFFF3CE4B52FC04D12AA2",11726
"internal/library/file_reconcile.go","E0A1063041490CAC6BE02FA1CD740CF493621552A7F275EDE5733F9A70DE30B6",14313
"internal/library/home_test.go","EF7BD407F903CDABFFE8F6EA57BDA6F0EBF798E6F1FEFA8F51E1EA6FDB7ED8FE",6924
"internal/library/library.go","DABAD99C58AF05CF66840BE19794921970242D2A20B2754806F438683EC3CC63",4662
"internal/library/match_test.go","16ABDD538DAB1AAA39AC9A5AB1ED3BF740A56F6C31C50922BEB96F715DAEDF89",7640
"internal/library/match.go","CDCA4292E06DF3F5C5577E5488126E67B1BFE1E454F2DF0E6616C46FA6D348E5",7383
"internal/library/metadata.go","35286EC305A2ACE8493347EE36E66861C1F93CB0078232A755221AF8A41CC545",14880
"internal/library/movie_files_test.go","C95AB83AE12A111FFB5BBA8E6926A6DFE788CC1C52DAAA33DD8EB35EAF054302",12445
"internal/library/movie_files.go","2B3EFDAE55E2132A295201C8F3FE9B1BAA8DA50C26D41AD1ED2513EE0CD0CCD9",16037
"internal/library/parse_test.go","B79256D08C5C21CC83FA81C09D02655266DFCEAC38EB78FD62EED3E987BBE946",6000
"internal/library/parse.go","CB6EF55C5E8B8AFCB4771035A4FA4B299814137B62E5D407A8B3CE72B7A0FAF8",7040
"internal/library/pending.go","4DC8C8783CCF5F6B54B6CFC5B2EEF832C5F6E617024F47019696C7F28EC91A6F",359
"internal/library/performance_test.go","75016B763FA3F3C658F72B9F2EF77DD3F40E3644BCA4D1FAD798A27DB57695CB",2345
"internal/library/progress_test.go","00D3C95F21A78F85C600FC1F75F93D30EEB80B76FC0FC1DDA51B64DDD89BAD32",10798
"internal/library/progress.go","3BD406088A6DF4B266C6D0F53967D7B483A936499CABBCA2CF080E396E3712C0",10254
"internal/library/search_test.go","67FAB6EAD03BFC1B75834BC41648E5F2E9179EC71926E219D921DEA46E7541C7",3910
"internal/library/search.go","9FF8EFEDE2932F92339DA23E3AD3D3931852DC324EFE2E294B7B7022DFD949A8",7455
"internal/library/series_consolidate.go","0C40D2EA270FF5A406D448FBCBDFD1A758770A73A1F3BD2087AA712B0F838C8D",13666
"internal/library/series_media_test.go","EE40EF6DD34A27A2BBDE5AA47B472F4353CAC5756CE5B72AAEE9D7A15A1A62E0",3589
"internal/library/series_media.go","C33A358CB4B8951C711D77E2EEB1A4E3ECE9F7A529244A937C9C8D7D3035EF12",12421
"internal/library/series_metadata_test.go","ADDB2D938C28CAEDE48CB94E1BC521871681D039FCF73CDFB7B5EF059A761138",3973
"internal/library/series_metadata.go","9A7243AFF52E31EAAD816E5A62A120C586FF9F8279641F846AFDAC0DB7205ECB",12107
"internal/library/series_parse_test.go","ADB54BF25962CB0188754E52E0A940D73922560B0A604B16831D8C29FB2800AA",1760
"internal/library/series_parse.go","0C309B5A20007A3312F66C382C953A2797C4B4EB1EE34216283F211118EBC08E",4392
"internal/library/series_progress.go","6857A69B1B65BF3324F9671D43697BC5FAB559D4547DDE71641D215F6F2B69E9",4775
"internal/library/series_reconcile_test.go","613955A126B7369C891C67EC16BED2DAECBCDB8231ABFB36D5AF2211897E5860",11596
"internal/library/series_reconcile.go","F9FB8278C8E5FC6E37D52FD9FDA5381A0BB0D410C5D4750B02B116CA07275310",21583
"internal/library/series.go","0D4441007AAD630789227C0AA1067DB310F0005D0FE52AEE079F479BA3C8595E",19553
"internal/library/stability_test.go","B8D1E08E2F68B8C295E22ADD0A00FFB7D301C64BBF0E4AFFE803E6FEE53AF755",736
"internal/library/subtitles.go","EDBED7CA2D402366192BB0EF819FB6F40DBCDB8372D76D44D8D54B889CA8C2B7",12078
"internal/library/sync_test.go","C92B7A8FE96FDB31AE8B3456E4ED8AB53023299AC03518624C32BCB28C725318",8288
"internal/library/sync.go","1C156DC5ADDF5BE9DD39D227A43015C15AE742E7B5CF62E920E00D06E7F32254",20065
"internal/library/watch_test.go","368F5A5DC69972054541D626F2F3B7F73D8C0E0A6D989EF4C458EAB88EB6A136",5025
"internal/library/watch.go","2DB1862C1E8690CF3B379BAA41350CFFB92062F7EE04AFB45044C036F3C5743F",8201
"internal/library/watchlist_test.go","5052CD3D957FE9D8AB56C949E7B512A3DAC896684B98C3F31E9A03230F5928E8",2060
"internal/library/watchlist.go","B90E7BD5140ABE0AB616355B6180A28E6E42B2841C168F1DD7D23AABCD925993",970
"internal/playback/limiter_test.go","FC434034D699A31CF8F4E67E7036EC41A69907331E072FFF113DF8DF3F400C5A",2609
"internal/playback/limiter.go","B333E6B880A400C5E554B00DA3B2AC612F47282573DAB95E3A27E71C355B6F2A",2128
"internal/playback/main_test.go","60379BB4BA1260288D4B063E06EE8369AC81F319BC4DFD29E90D01C25FD15AC1",308
"internal/playback/plan_test.go","036FD09A33A608026D2688F87D9AC3D0F4DD88FC08579D5291DF5618E637CD4E",4458
"internal/playback/plan.go","2D03B011D2409495051199293D791C9478CC046E4DFD7405108A8F16F260E6AE",4731
"internal/playback/service_test.go","EE6319895FF5A696D3DCA3C39C5F166A303306F260D97791A6EC10C676023E07",13400
"internal/playback/service.go","E6707B7087E60E7FC7AF92878D259EF719394408895678B5CCCAD35F3267707F",13199
"internal/playback/sessions_test.go","6C556830B24E9B4092F001EDDAD6D50D79CB81D0265AD6DBE2D285B8B36E7DF7",3933
"internal/playback/sessions.go","28EB7C48D3DF0A56A64A32550EDD1880AB88B0B44F1219ADFF9F3B87C3EA5B4B",5438
"internal/portmap/natpmp.go","0784A4E69BBA33A8DEC9D2121926E85CCDAFCA4B1C5A4F248468891F9F978E19",6521
"internal/portmap/portmap.go","FCAAAB874998142540064D8D426740A02CE5ED23137E147A0293936E8CCCBDB7",6688
"internal/portmap/upnp.go","AC06E5B873EE024F4181F67AD8E3978FFA345A061E6401070E9B3FF1D85A8A01",12009
"internal/preview/preview_test.go","8BF7BEAD480D4177C00127D54A35EFFE98517912C7CFD9B6A7AB763E4AF246B3",5551
"internal/preview/preview.go","CAF2CEDA1AECD2E779C54FD0D20CCA24A508021CE3CFFC17535F364000BC0979",13268
"internal/profiles/avatar.go","32962C5D84E4E6B62BD8A1BBD4FBD567C56E7D3E9D6E72AB01ABB56DD1A18772",5545
"internal/profiles/exif.go","5CA5136AAE4041F1CD9668FA9C910585E4B640ECF88B955FBA5C8F40C9160AFB",2462
"internal/profiles/profiles_test.go","400A3CCDC3AF89C66E6AD407424F362854F937D59CDB9A43CE5F86CF270B0189",11370
"internal/profiles/profiles.go","13A2C6E508248E90C26279282A378915EE3CED8CEBD3CC60383932E8773E3B49",3354
"internal/profiles/store.go","6F69412FDB0237EC6F00287E3DB7474251BD4DF8D4D286E4A32D42E1C77E91B2",10947
"internal/recovery/recovery_test.go","8842C670E50CBF110F949BAE588B8BEF8101B061A1CA60ECF406B1F555EA3CAA",2331
"internal/recovery/recovery.go","59A8A6738D58492100234B01F5F8E70E37C1395340B78111D447A45309DE0D3C",6945
"internal/release/release_test.go","7CA31EAF9251C0A5265276DF1D27C785EA49A266A865C93639F9F59FDFCDF235",8919
"internal/release/release.go","9DEED47C90ED412851568CE0D82F4E4A260E316DB70ED2D5633038F52C803C6E",12990
"internal/remoteaccess/automatic.go","0AFA2D7D0016EAC0649C2EFD89EFF23F293E3D8DA7079520F6A679D7E830221A",4947
"internal/remoteaccess/http_test.go","F8954F57891F895D853CC3738DF4D262598EFF75B5FBA6F4E824E8BC6E96CF73",10263
"internal/remoteaccess/http.go","D9DE6964940E4123287DF5575B0E7DC54EFEF97AD339246E37461F4423408A8E",9202
"internal/remoteaccess/key_protection_other.go","26FCD582A860E0A687F4E281806FF29BEBF13696A37272A88A8974733FC6F525",279
"internal/remoteaccess/key_protection_windows.go","FE763EAEEFA613CA9B1CCA8B0E8161D2103D4876EF4B79762D830E923BAE0D83",1179
"internal/remoteaccess/keys.go","201EA3A299BF505A77BC7905BB7AA5D67BB971B86CA1D0B3B45F5C4F694ACF0B",3029
"internal/remoteaccess/lan_browser_test.go","855F24BDB7FE45626C241073C6A54EE31E7B13798CA93C7095482A3A154DC1B2",1372
"internal/remoteaccess/runtime.go","354F45F55C3B167C60E3F8F91690FAB6D460761B08A2BDE0F7D2B53230BED4BD",5460
"internal/remoteaccess/service_test.go","03E1BF608EEFBD0936C25A49F0C2D5D925F2812B8AF0803B2856200744521232",12148
"internal/remoteaccess/service.go","AB0FF01B6D0E8A13C1E49886D55A4300F393DB59C43AC4C366FFFD2FB84FEFA0",11224
"internal/remoteaccess/store_test.go","B681FF93208CEF282115C7EC83B7E58B817EBAD367E65E4FDE4AAFFB443F5AD9",2991
"internal/remoteaccess/store.go","2D5D621A64D790A952EF6917C3B6CBC26801C4C434B52EA00F4675ACDC0676D9",5463
"internal/remoteaccess/types_test.go","DEE4E1A515E334A49B25828E6E426B7DD0613E24ECEA8419D642E1B819F58A81",2783
"internal/remoteaccess/types.go","528ADC17DE7BAD12BCB85BE21AE293E48E94CB08C6B94D437ECE8CBD26E680C3",8255
"internal/scanner/problem.go","2310A2CFB35A50F238228E52D78EFA5E3C446A4DF261DE18D269A8EDE813560D",2283
"internal/scanner/scanner_test.go","0775BCDA3EB38F9503E92C33B6C68C94E63A350C8124380274BC61FF0989168F",1910
"internal/scanner/scanner.go","7A01563F83A215B511B58BE6B7FAE59045DB25D63745748CCC35180728049751",6570
"internal/stream/stream_test.go","E7612802C29B1E6F5BB4409A735F0CCBF11C145729E693357756778F0B7FD850",16079
"internal/stream/stream.go","E6A456B65A107A056C73DB6337562E84C6205351A871749D226B425146F6B12E",21806
"internal/subtitles/subtitles_test.go","6F6BE0B43123165E231D48191F7CAFC3265D3FE16716068949690525127D3458",5912
"internal/subtitles/subtitles.go","528DB7EEDBA8B6DBAB965632674DEAAD6EE27E069CF701D003CE93FA82753759",13854
"internal/supportlog/supportlog_test.go","7DF9B29C9744D7B52C225E82590B1BDDF45AD83E3A283C7262DA75DADA49A69C",1589
"internal/supportlog/supportlog.go","546C520177DBDD4E7FB11C6EAB6E70200503B2CCEFAEC36A2C74158A26DC9DBC",6977
"internal/testfixture/main.go","6F5F0E3895296C1A16878C902BECB574A31B25DFBE9190981318480B4DE669CC",3996
"internal/tmdb/candidates.go","D6CAF67876EAA501F9C3A2EA36187AD46144E6E2C6F6F8E5B185CC30C23E7F94",5279
"internal/tmdb/enrichment_test.go","C31CC392FB5AB28CDB940D6DDC398BDBC6C58EB8CDF5E21B87BCECD8EC8CF8C3",8661
"internal/tmdb/tmdb_test.go","6FACB55C2AFC884F95F24423D9B9F39EBFD96B16831712C09DF947DA15FDCA07",9984
"internal/tmdb/tmdb.go","705F3BC99D3B5EEB6F7DB55C55F4CC3DD63237637F2DFDBCEC8C6F586CB200B2",19980
"internal/tmdb/tv_test.go","B0A2AB70EB9A81422D8CE467B5F09D7C21E93DEBC5381A993327B61A4A66EEE6",3202
"internal/tmdb/tv.go","84F5A48BFDB1CD407270F7021D07AFA007EECDB2B95E7E62251E22CFE836879E",8897
"internal/updater/activity_during_download_test.go","004B4E024169E5FC0C3DC1EB4FB7A472CBE230939D8388F2EFE2469ABE9531DC",982
"internal/updater/apply_test.go","08D408951CD4290677C3EA2197D04107C5E993377790E40C630F349637CB9141",12297
"internal/updater/apply.go","3A62351A920251BDD8102D44EF9B1BA40DB913853C60E103A8B3D9C760F0A2C6",9024
"internal/updater/github.go","0D14E3645F909E34CC96A4D601F7B48731EEEA0BB3FF334D3C74762921E64556",4338
"internal/updater/updater.go","402F34C3A4047D414F04690EDD1056141BF41A8E05FB9EFEC7D9F8DFF9D6B448",8975
"internal/updater/version_test.go","E845D0F86DAB29C65D474D3BB3C03322D64A2990F9DB5EF2B7F9388652EA1213",5414
"internal/updater/version.go","8156151C583852994139A3FEE22E1221AF6A8229A2983573E7CC194181DEDCAE",3008
"internal/workload/coordinator_test.go","7B0B0BB7C05E661B6676F7F7F518EBF5A21B53C5654552A8D3A4C3820B4DE797",852
"internal/workload/coordinator.go","63134D190C5C849394E1D0DDACC59354CB2D808225F846F47B90579936AE3690",1956
"player/Cargo.lock","39A1858041B79B91D3DF7B40479A3176B50EED5EDC7322518EFE867025FAAC90",112236
"player/Cargo.toml","40B42FB648F8951EF4F6C0B409B614C740FDD2ECB9A819143A7D383C93EA56FD",216
"player/libmpv.json","3D1E85544B88F809815C5D1A8D896C68FA61FEF2EAB5822D7C6D8581E3A1A51B",1907
"player/LICENSE-libmpv.txt","20E50FE7AAE3E56378EBF0417D9DE904F55A0E61E4DF315333E632A4D3555D95",26419
"player/NOTICE.md","C4B026ECE2894736DDE7F6667CD78E7152C9EFD899AFE099169995C733D13C24",2960
"player/README.md","336DCE89FA48FA5015AF4D1F7CBEEDDA440842B989F050578F24F6B718241912",9436
"player/theia-player/build.rs","487059EAF8A947B80F20A9AACAC038A5047B2AD69D2401B827376C67D6FE847F",39
"player/theia-player/capabilities/default.json","0C1354CE3A06B9AB7355995BACF914875EA5EFAF728562E8C83531F04BD3FF86",397
"player/theia-player/Cargo.toml","185DBB8922CA8FDF6ED1EA714E97B96969A793CE0251ACEFF4B9E19824986A35",894
"player/theia-player/icons/icon.ico","0DA1DCBD101D25C2AA0C0356462B6D0C719DE95B39EA21B6F2A39905E025A4D0",41086
"player/theia-player/src/main.rs","E21C3D56EB2B6DEA97B57886611AD061AD57407453492BB4B31C41F7DD46083A",45717
"player/theia-player/src/mpv.rs","E48A6E1D60340890A71819E45F762ED1ACF2ED715D393FD63642884BCC04F4A3",9440
"player/theia-player/src/server.rs","27627D4C0177DE42D056BA86FBC6486B9975CC0C99248036FC348E8EE1FEF388",17973
"player/theia-player/tauri.conf.json","8579FD87535CC3AC85E66F1CEE96AB29E28DAFA039DA4141D8B3E702B65CD657",696
"player/ui/index.html","5DB4C56877105FF9C0EC7BCDEBB40C87E2F2D543E055EE68C18E64875F3C45C2",274
"player/ui/package-lock.json","375F4C74C3F35426AF26F3D2974097B7259585E1EAA9094013F91566DC982709",41961
"player/ui/package.json","6D5C60CE88D3C0FCE1C02941AF662AC5A58E4FAD61EBBF388646938D6E76580C",523
"player/ui/scripts/check-locales.mjs","C753DBCABBE4447886970916EB5784BD2DBAB17B6547AD7E90E7C1DF10A2E46C",1854
"player/ui/scripts/render-check.mjs","B81B904FB7D316B33729142186FBCC4F160C4A3010B9D03014139558870DA99B",16386
"player/ui/src/App.svelte","88512A5F607FCA2A0B9523C2DE9A48E624CC135140EA307FEA5C2D272C33FAB5",14518
"player/ui/src/components/FilmCard.svelte","B778505ADBBF4D1BF2CF1A70E899099B9A704DF8F5E95639B3AB2083F6F3A05E",3855
"player/ui/src/components/TrackMenu.svelte","071E74BBD7732CB711D376313182D8726DD4756DA4C6B5871DCC4915EB687914",3446
"player/ui/src/lib/catalogues.js","309D4817AD875ECCF811DB69C178156325E888F663BFE24951191128FDD090F1",3878
"player/ui/src/main.js","91D8A736A8DE792398C994190227E9B859047A124647690AA61A9C0E580A717C",156
"player/ui/src/osd.css","70E9A3CD84F57907804592B4F9E4EA15B3C9F721A42223A383992E1B9EE8C1B8",16846
"player/ui/vite.config.js","2A64E601C64350F54D1179BE4063A49DC2CEA7A4F7C284E3806349E3BDD43AAD",1717
"web/jsconfig.json","F3E74325C2D5F022BBE40475788216E9446FFD2AB443F2E88892829433FCCACC",391
"web/package-lock.json","6B9459F8A44424EAA0FC9D8E5AC36104989A8F265FCEA1F9C2774F5546C51437",77870
"web/package.json","FC8F279584A0A972896E7D971EB8E4B93DC1FABDB0BDA9132E1C7E7944CE3DD2",1271
"web/playwright.config.js","5253B94AC2465338FB59AAE2A4FBBC0D2F33DECF217D50178C35FD1207A49585",2208
"web/playwright.playback.config.js","A2544B55DD52712C73720A4800F69248C5399E60E3FC70142B20FB9980B63D85",1204
"web/scripts/check-backdrops.mjs","F3F9013C7BBDAE84CCAA499B90D612866B3B1978D9DDC974EAEF38C85862B3D1",4447
"web/scripts/check-locales.mjs","8660A2DED057F47A218387EA0D88AF5B35B6571D34AFA9DAC5F06C5992C3023A",3237
"web/scripts/frontend-anchor.mjs","E0663C762650F8F2FC5022A588737A8DF3CF4B341F33B1DBEEA59777F7D8FF12",1694
"web/scripts/keep-webdist.mjs","E44C800D68565C446C12DE804E7542248FDC99CD46815852F88791ABCDE27743",1428
"web/scripts/verify-real-library.mjs","3F81ABC456D151D1E45E3021DD4E7E75D72E48D6FD2E8434E23242E7BC060759",6345
"web/src/app.css","B0DAE13267C68DAD5BD6B741CD3D8CA334D4C33C1D8C59CF7B65A0499457D208",127238
"web/src/app.html","B86EFA9D4CDE91A20EB0398DD954A2C773790349F5D3D766E137A1D2EBEAA393",829
"web/src/lib/api.js","4C19C9452E3537B993536BF8207FB8AF98131CC71AD328EA086324E58F2EC4AF",5103
"web/src/lib/codec-playback.svelte.js","325E86CF2F9C20903C380126D58E1681B2497639E1A492C4D886AF230302DF52",2455
"web/src/lib/components/CastList.svelte","C65E3D3188AF34C5994F355EA49DA1D63FCA6FAF85C11B7410071DC4F26364CA",1912
"web/src/lib/components/Certificate.svelte","2B6AC2EFC95CA6D7646F5367E6B99B83B72EBA8F1E0EFF42EF9401E71E3E8B39",1474
"web/src/lib/components/ChromeScene.svelte","AA9A8E4C2C0CBF9B9840AFF9BCDEB3AE295C361E469A18390D34C63CF486D3C7",1569
"web/src/lib/components/ConnectPanel.svelte","D26D3BA82A89FD1B4B0EE02F0D88F2637F9DF3367B38ABFB401521BB2635CBFB",3298
"web/src/lib/components/Credits.svelte","96601F54E8A5D38C0188E1D9BA213FE6106AF0DADF87A93FB86447B1866E06C4",877
"web/src/lib/components/EpisodeRow.svelte","29EC0CF1B5592064D1397155ED2F85756D15D4EDFF1299BBCD106C70E71ED40C",2699
"web/src/lib/components/FileChoice.svelte","28B7BA9D024ECFCB6ED1DDD516CDF445EC20271C977D288930C3CB3764C21404",9048
"web/src/lib/components/Hero.svelte","D082E4EC2D37354CD017B9994A0510A12C9BC6FC64C11748B0B809ABE40B6031",4922
"web/src/lib/components/Icon.svelte","5AA184A7196E1102836F20358C8740F4EADF79886A757020892D83015A57B9D1",5638
"web/src/lib/components/LoadingSkeleton.svelte","ED58F7A628943F2EF7B8E7B60ACD8227E5A9BFC8EBDD99C24C760BF8B8299D4D",2761
"web/src/lib/components/MatchDialog.svelte","1D790F3A36EC3B47FFCA31681BBFE8326AF35BE216FA3C0669B9E93C334E77A5",7573
"web/src/lib/components/MediaBadges.svelte","093BE912167C146476F31E9F26CDAFB6586750F750B4DA3ADCAE669A218A6339",3241
"web/src/lib/components/PlaybackCompatibility.svelte","1F0315A9A31F9F3F4D22D820559919975E9D8A03E2BD45A6259307BFB97CC6AE",3995
"web/src/lib/components/Player.svelte","BC3BB1E72832121C43F63DACDA9535E48236A4149F7161B981D27806380850C1",59884
"web/src/lib/components/PlayerHelp.svelte","CB9D4D47A0AFDFB499877BE0E973FFACF08C5A35F32861F2729C91C1C9B0CFE2",1022
"web/src/lib/components/PlayerPreviewStrip.svelte","6F7C4F2CA02FAF1703544C1670D9405170FD3E7DF0CEFEBA36376A629E824830",2809
"web/src/lib/components/PlayerTrackMenu.svelte","2DFDBC244A52B1F7367448EA3A704F6A3D5F4C8B54E9AB867B5284089C715BF5",5379
"web/src/lib/components/PosterCard.svelte","220450CE30530F885047B090F77957B78C76D34AD79A7977FBE2BA79976E9DD7",6386
"web/src/lib/components/ProfileMark.svelte","A981CB0C61287D5DB0F35D2E4B6A9B37080CDA58B0920B7BF54D1C92A95F307F",1001
"web/src/lib/components/ProvisionDialog.svelte","4CDB6F61BC9D279F44DF6395AC31462721C620E930251E4CDC5FAD308E79A0C7",5270
"web/src/lib/components/Rating.svelte","B8AA624889C25A9E8212A176BF0F31708DC5C757E501AA32F5338AAB93389710",997
"web/src/lib/components/RemoteAccess.svelte","D95A05824B8852284363760F85985C4ED81201EAEF32584C9C946A4E2F0138C4",14008
"web/src/lib/components/Row.svelte","0B2028B584D3781BF8D2C5959C1BB84BAD12966D06818DAF105D1A3A8FE53C49",5967
"web/src/lib/components/WatchlistButton.svelte","A4037EA6510088EB459F6A87D2568482B3EB8363BC2D8013325B0471FA40E637",1251
"web/src/lib/diagnostic-events.js","4F2B1A706FFEC6367FAB32EACCB5C9FBEAAB0F5AF08C3B187B4F49522747A9A9",3042
"web/src/lib/i18n/index.svelte.js","894F1522696496E9A18CADFFA7A18F232A73D64A142E57C869715DAE74AC3396",3375
"web/src/lib/i18n/locales/en.js","4B17614598F239ECE5786D35FC8F5070516E8B919BC33AE658EFDF603C18A594",37923
"web/src/lib/i18n/locales/fr.js","C81009780B45202897AA0B372D318D9119E642BD5F501C76072D5C1E3AF910FD",41564
"web/src/lib/i18n/locales/index.js","378CB2C477C1CE40D379688265978DDAE597252CBB242F40D09FA0C95069A454",272
"web/src/lib/library-pagination.js","51DA98465B718BC104F7BF95A5A001992E3235576336F33EAA55EAF1A3CD2115",1083
"web/src/lib/media-transport.js","4962B83EE854F5A56C043E7480AFA187D738C27D61F6357001118C3C8FCC7F52",11636
"web/src/lib/playback-adaptation.js","1602DCEF1E90BDDF6DF494A96878DBDDA6409C0188771C0C4207684D48810FF4",975
"web/src/lib/playback-compatibility.js","C8B0CF412E8FEBBD3DE6D11413F57FD75568B5FDB9251A131D9B66235B4DC441",5711
"web/src/lib/playback-lifecycle.js","0F65FE03219D060465BB95C390498914A94C9A274D71BDEB0F99470A6EA1B811",2258
"web/src/lib/profiles.svelte.js","65044F22FABA5BFFB4D4D9891F841D31ED581E95C60E261492728ECD6FAE653D",6055
"web/src/lib/remote.svelte.js","862099C99432FB69E81D810B5DA54AB2DCC5D8A531038BD626F30F5D89F5B564",1223
"web/src/lib/strings.js","AC07734843E6C3925EE1B3D30BF409A32128C87819D037702C68D16F8956202B",280
"web/src/lib/subtitle-layout.js","9FF09E53609E29850C08068ABBB8BBE0BD3A418518EB5C644B7C890F8AC7F28B",4011
"web/src/lib/tokens.css","4765C185198C12ACEE060987B726A659F00EE5F001BDFE183331C6807C647F62",8245
"web/src/lib/track-labels.js","53CA2B3C25E10FF9464B1486D600E680D0A19B469DC04BB443B85384694809F8",2521
"web/src/routes/+error.svelte","69DF15A019D4A9E4D1714351FCC364A4527CA36217B251DAEE2F98F8C0553A71",1402
"web/src/routes/+layout.js","3EB3953316F7ACED79A781E00BFFED346EDD0EE98E412E61A6BE0B049A9D9278",246
"web/src/routes/+layout.svelte","3AE765E6ADB9219CEBF4928666B74BD99EF3BDC577F974774CCEEB62F32A9017",12954
"web/src/routes/+page.svelte","EDF201C39080802623CFEFADDDB29986B3250771C4CFDEF6CF69CC67D4203F76",5692
"web/src/routes/bienvenue/+page.svelte","DFD9CE3136A15DE88F4853D197B3D35775F04F73135F5C312F519AFF2B41CD1A",2752
"web/src/routes/episode/[id]/+page.svelte","93608DE728AFF9F7A876EEC7E5FD0416133C3F2B1D8A5C21B13645F396DCC6CC",8576
"web/src/routes/film/[id]/+page.svelte","202A2DD4D306BBB9766047223190DB695DB2009F331048B4801D4F1A7D54978A",17443
"web/src/routes/films/+page.svelte","E69C4CA939789D8FA3BDB3C570350E617DF5A24708EF887C1649150CC811BF23",11415
"web/src/routes/profils/+page.svelte","F2F2BC0E8115903694C5378531EA8E972DA18FE8FC65B7BF998550C468ED9813",11361
"web/src/routes/recherche/+page.svelte","E2F20DC3AA2AAC16396D23E8ED8CE2B3AC534B6704C850EE934520F6A3D22F5B",8606
"web/src/routes/reglages/+page.svelte","BAE0969B95E1C9FBE80D81A31E769D62E594FD8CDA23F1FEBFABC2FE8512F57D",23984
"web/src/routes/serie/[id]/+page.svelte","3769F0CEE9408EFBB3C507606D39C65239160FE6FD07E85521602872CA735783",9173
"web/src/routes/series/+page.svelte","E7943D4ECB9D5DA64922ABE86642DEC919A2EE347BD2D7B91019E275A75F4489",2635
"web/static/apple-touch-icon.png","B1D02E7847FCC710D54FC716DD2751678414890BBDD59308A1E9AA3FC37F7165",2715
"web/static/chrome/theia-empty.webp","A4193D5CD3FE23607BED374FB2458A8AB49B1641C075D99B9DC5B0DA2C945117",175924
"web/static/chrome/theia-offline.webp","A4628C873EC1D66AC1A2420E20D1A755A75DA2A84BD9988B9AD58E56944EC74F",136296
"web/static/chrome/theia-onboarding.webp","A20AB1D0FB8F802525794DA52306FFD4826B3AB5E84D838B2AEF7D907FFD7A00",280674
"web/static/favicon.svg","A9EC81FCB52B148C1DCDA8E3033A900E439D8674961DD3BBF754013B5C0CCD97",1994
"web/svelte.config.js","E9D3557CF4E944D8A10E481D0FED2D56FACE90C282694B30D8A12598E3A73C14",654
"web/tests/layout.spec.js","FC0FE5BA7F0FC8B41AAAB98BBDF5F35B9F2A3A178F6A53FE3EB32CE785712588",10620
"web/tests/playback.spec.js","AC2E42E356F1716D758696026CD667F84665D7EB2E0FAF22680BA65974CC8EE2",12782
"web/tests/serve-playback.mjs","042D9DBA7D4A8FE5F3F4BC52691ECE9C70E9186F7A15369A3A78AA9C1CA6C237",1253
"web/tests/serve.mjs","AC0CD12456AD063F060E9257CBB1060B17A07C7214E617B4E66C8C450440D7F8",1967
"web/tests/unit/diagnostic-events.test.js","A84795019E8CC9F7D9C9AE885E24D1B3EC0B7E7539058F0BE5F853075D5B80BD",2229
"web/tests/unit/library-pagination.test.js","4CFC11FCB242205A826CC87C01A897315A7ACAE6CF0A78A5DBD6005866B88DC1",1331
"web/tests/unit/media-transport.test.js","D8AB4E682C34167300DE19C79C417D649D710E022FD4D59470196E423C3C2962",2340
"web/tests/unit/playback-adaptation.test.js","9DBD25F6F830240632458EFFFAF4B12AB6C55DE52F4CB6E8390EFF21EAC773D8",1047
"web/tests/unit/playback-compatibility.test.js","51E0DBEFF07B4582517BCD65840B2A28455F80F31D850EE617E6ADF3B3715155",3314
"web/tests/unit/playback-lifecycle.test.js","C6DA98415EE72061B880B87CA21FCE98209272981441D35E879897262F9B213A",2603
"web/tests/unit/subtitle-layout.test.js","6E72005837816D09C7F3B06552A14D3A550DE6EF7ED593DCE49139C114F39347",3175
"web/tests/unit/track-labels.test.js","CC192C4BA1B3D7D6CDCF1B3FDE94E0704B0058B0CCB3DD78FC0C6FA05407B142",3424
"web/vite.config.js","E1B9C3ECB356706A1DA6F85CED80E02794106D3EFFB1188BE3F5D5C69ECE1A09",451
